{"cameraMode":{"drawMode":0,"name":"Shaded","section":"Shading Mode"},"sceneLighting":true,"audioPlay":false,"sceneViewState":{"m_AlwaysRefresh":false,"showFog":true,"showSkybox":true,"showFlares":true,"showImageEffects":true,"showParticleSystems":true,"showVisualEffectGraphs":true,"m_FxEnabled":true},"in2DMode":false,"pivot":{"x":989.70849609375,"y":686.097900390625,"z":0.89910888671875},"rotation":{"x":0.014102732762694359,"y":0.006598311010748148,"z":-0.0000798649198259227,"w":-0.9999493360519409},"size":317.56231689453127,"orthographic":true}