{"cameraMode":{"drawMode":0,"name":"Shaded","section":"Shading Mode"},"sceneLighting":true,"audioPlay":false,"sceneViewState":{"m_AlwaysRefresh":false,"showFog":true,"showSkybox":true,"showFlares":true,"showImageEffects":true,"showParticleSystems":true,"showVisualEffectGraphs":true,"m_FxEnabled":true},"in2DMode":false,"pivot":{"x":-1.4000139236450196,"y":-8.019989013671875,"z":287.64923095703127},"rotation":{"x":-0.32345089316368105,"y":-0.016523238271474839,"z":0.005470046773552895,"w":-0.9461601376533508},"size":6.328005790710449,"orthographic":true}