{"cameraMode":{"drawMode":0,"name":"Shaded","section":"Shading Mode"},"sceneLighting":true,"audioPlay":false,"sceneViewState":{"m_AlwaysRefresh":false,"showFog":true,"showSkybox":true,"showFlares":true,"showImageEffects":true,"showParticleSystems":true,"showVisualEffectGraphs":true,"m_FxEnabled":true},"in2DMode":false,"pivot":{"x":24.544954299926759,"y":25.721534729003908,"z":277.37200927734377},"rotation":{"x":-0.47432538866996767,"y":-0.025956256315112115,"z":0.013813771307468415,"w":-0.8799160122871399},"size":33.306365966796878,"orthographic":true}